-- Ka'Ayuda Seed Data (converted from MariaDB dump)

INSERT INTO projects (id, name, description, address, city, place_id, lat, lng, maps_url, schedule_at, schedule_end_at, beneficiary_target, publish_state, status, status_note, created_at, updated_at) VALUES
('ayuda-2f04bde2-6cb7-461f-a67a-cc6e38428d26', 'Emergency Cash Transfer (ECT)', 'Nagbibigay ng temporary cash assistance sa mga pamilyang naapektuhan ng kalamidad para makatulong sa kanilang immediate basic needs habang nagre-recover.', 'Padre Paredes St, Sampaloc, Manila, 1015 Metro Manila, Philippines', 'Manila', 'ChIJWbJOsfjJlzMRjgaarMoSTa0', 14.6041190, 120.9886247, 'https://maps.google.com/?cid=12487658003456722574', '2026-04-28 06:00:00', '2026-05-28 10:00:00', 'Severity of Impact', 'draft', 'upcoming', '', '2026-04-26 05:52:43', '2026-04-26 05:54:53'),
('ayuda-393bda0d-34ef-4e0a-a48f-a0754cde0579', 'Medical Assistance Services', 'Nagbibigay ng financial support para sa hospitalization, gamot, laboratory tests, at iba pang medical procedures ng indigent patients.', '667 United Nations Ave, Ermita, Manila, 1000 Metro Manila, Philippines', 'Manila', 'ChIJmeOPiSbKlzMR8KozaRg50wE', 14.5821698, 120.9826580, 'https://maps.google.com/?cid=131511591130868464', '2026-04-20 06:00:00', '2026-04-24 22:00:00', 'Indigent Patients', 'published', 'archived', '', '2026-04-26 06:00:56', '2026-04-26 06:02:32'),
('ayuda-3c16fc82-5348-4057-afba-f1ca08297ba9', 'Senate Medical Assistance', 'Nagbibigay ng medical financial assistance sa mga pasyenteng nangangailangan ng tulong sa hospital expenses sa pamamagitan ng endorsement mula sa opisina ng senador.', 'Gsis, financial center, Diosdado Macapagal Blvd, Pasay City, Metro Manila, Philippines', 'Pasay', 'ChIJizQ6keDLlzMRyc0Pwcc0Ze8', 14.5477631, 120.9843283, 'https://maps.google.com/?cid=17250251980254727625', '2026-12-31 23:59:00', '2026-12-31 23:59:00', 'Financially Hardship', 'draft', 'upcoming', '', '2026-04-26 06:05:32', '2026-04-26 06:08:24'),
('ayuda-575c51c2-d1e3-4138-84ce-fe7a5a8cfdef', 'Educational Assistance Program', 'Nagbibigay ng financial aid para matulungan ang mga estudyante na maipagpatuloy ang kanilang pag-aaral kahit may financial difficulties.', 'General Luna, corner Muralla St, Intramuros, Manila, 1002 Metro Manila, Philippines', 'Manila', 'ChIJUwB3NiPKlzMRBjWNdxQXcxs', 14.5867900, 120.9761774, 'https://maps.google.com/?cid=1977950038018307334', '2026-04-26 06:00:00', '2026-07-31 23:59:00', 'Working Students', 'published', 'active', '', '2026-04-26 06:02:45', '2026-04-26 06:05:14'),
('ayuda-7babb86d-4d57-4a8a-9ae5-6fecce6e2b2b', 'Humanitarian Assistance and Disaster Response (HADR)', 'Nagbibigay ng coordinated emergency support tulad ng food, temporary shelter, at essential services sa panahon ng sakuna.', 'RG2P+GFQ, Orani, Bataan, Philippines', 'Bataan', 'ChIJB_1XcYdCljMRuUb7p1LrNMI', 14.8013375, 120.5362344, 'https://maps.google.com/?cid=13994068682385082041', '2026-04-29 06:00:00', '2026-05-29 22:00:00', 'Displacement Status', 'published', 'upcoming', '', '2026-04-26 05:55:19', '2026-04-26 05:58:35'),
('ayuda-bf58e676-c56d-412c-9038-9e0625fa584f', 'Assistance to Individuals in Crisis Situations (AICS)', 'Nagbibigay ng financial o material assistance sa mga indibidwal o pamilya na dumaraan sa biglaang krisis tulad ng medical emergency, pagkamatay ng kapamilya, o matinding problemang pinansyal.', '646 Lee, Mandaluyong City, 1556 Kalakhang Maynila, Philippines', 'Mandaluyong', 'ChIJafTZojrIlzMRmNmEfqvGTMA', 14.5896813, 121.0456697, 'https://maps.google.com/?cid=13856668593376516504', '2026-04-27 06:00:00', '2026-05-27 22:00:00', 'Indigent Individuals/Families', 'published', 'upcoming', '', '2026-04-26 05:46:22', '2026-04-26 05:49:32'),
('ayuda-c18e9557-5996-4695-b81f-4fb16aaac7a5', 'Emergency Relief Supplies Distribution', 'Namimigay ng food packs at essential goods sa mga pamilyang direktang naapektuhan ng kalamidad.', 'Recto Ave, Binondo, Manila, Metro Manila, Philippines', 'Manila', 'EjVSZWN0byBBdmUsIEJpbm9uZG8sIE1hbmlsYSwgTWV0cm8gTWFuaWxhLCBQaGlsaXBwaW5lcyIuKiwKFAoSCdXAZlQEypczEYIV9Bzd80coEhQKEgkJiTQtEMqXMxH43041KSCr7Q', 14.6060579, 120.9746335, 'https://maps.google.com/?q=Recto+Ave,+Binondo,+Manila,+Metro+Manila,+Philippines&ftid=0x3397ca045466c0d5:0x2847f3dd1cf41582', '2026-04-30 06:00:00', '2026-05-30 22:00:00', 'Household Status', 'published', 'upcoming', '', '2026-04-26 05:58:48', '2026-04-26 06:00:38'),
('ayuda-d933188a-6366-462a-8967-5f8889594207', 'Unemployment Insurance / Involuntary Separation Benefits', 'Nagbibigay ng temporary income support sa mga empleyadong nawalan ng trabaho dahil sa authorized causes tulad ng retrenchment o company closure.', 'G3H9+HX6, Gen. Luna St, Taguig, 1637 Metro Manila, Philippines', 'Taguig', 'ChIJN-W97aTIlzMRIVzpIHRLwnQ', 14.5289240, 121.0698904, 'https://maps.google.com/?cid=8413370016021961761', '2026-05-05 06:00:00', '2026-08-26 22:00:00', 'Employment Sector', 'published', 'upcoming', '', '2026-04-26 06:08:45', '2026-04-26 06:10:38')
ON CONFLICT (id) DO NOTHING;

INSERT INTO project_dependencies (id, project_id, label, ready, sort_order) VALUES
('dep-006868e0-aef4-45cf-b133-29e189849ae7', 'ayuda-2f04bde2-6cb7-461f-a67a-cc6e38428d26', 'Funds Ready', 1, 0),
('dep-071f8061-8a6c-4392-a5cd-3461c075c475', 'ayuda-575c51c2-d1e3-4138-84ce-fe7a5a8cfdef', 'Venue Ready', 1, 1),
('dep-15510607-a480-4eea-a31c-1c7db9a6f3df', 'ayuda-d933188a-6366-462a-8967-5f8889594207', 'Venue Ready', 1, 1),
('dep-16f7cff9-cfa7-4ea9-923e-a755aa9f0117', 'ayuda-d933188a-6366-462a-8967-5f8889594207', 'Funds Ready', 0, 0),
('dep-1d893f98-8209-4bf3-983e-55b432da227e', 'ayuda-3c16fc82-5348-4057-afba-f1ca08297ba9', 'Funds Ready', 1, 0),
('dep-278326dc-5e62-4acc-84db-19139a993dfd', 'ayuda-393bda0d-34ef-4e0a-a48f-a0754cde0579', 'Venue Ready', 1, 1),
('dep-455e81db-0e75-4837-9979-df5480adfa2a', 'ayuda-7babb86d-4d57-4a8a-9ae5-6fecce6e2b2b', 'Venue Ready', 1, 1),
('dep-46d245e7-ec68-48c3-a80f-29a61465e2b4', 'ayuda-393bda0d-34ef-4e0a-a48f-a0754cde0579', 'Staff Ready', 1, 2),
('dep-50f5e627-ffaa-421e-8289-e5da542eceb8', 'ayuda-393bda0d-34ef-4e0a-a48f-a0754cde0579', 'Funds Ready', 1, 0),
('dep-57303c8e-dce2-4563-a942-48abaaf01a5e', 'ayuda-2f04bde2-6cb7-461f-a67a-cc6e38428d26', 'Staff Ready', 1, 2),
('dep-57b1ce3a-7418-4f72-bcc2-01397b8e3201', 'ayuda-3c16fc82-5348-4057-afba-f1ca08297ba9', 'Venue Ready', 1, 1),
('dep-6af06be3-08d8-4cc6-afbb-4fdf2e3035c5', 'ayuda-575c51c2-d1e3-4138-84ce-fe7a5a8cfdef', 'Staff Ready', 1, 2),
('dep-6d7c805f-4639-45ab-b9b1-aad577640a2f', 'ayuda-7babb86d-4d57-4a8a-9ae5-6fecce6e2b2b', 'Staff Ready', 1, 2),
('dep-71ea0276-986f-4d1c-bc83-e5cd95930a88', 'ayuda-bf58e676-c56d-412c-9038-9e0625fa584f', 'Venue Ready', 1, 1),
('dep-82c09ce4-ce0b-4b52-b83c-cd53c653ebe8', 'ayuda-bf58e676-c56d-412c-9038-9e0625fa584f', 'Staff Ready', 1, 2),
('dep-940ab431-50c6-49b9-a77e-8ecb753e9af9', 'ayuda-d933188a-6366-462a-8967-5f8889594207', 'Staff Ready', 0, 2),
('dep-a08cd5ff-05b7-400f-982d-9b92b3d6464b', 'ayuda-3c16fc82-5348-4057-afba-f1ca08297ba9', 'Staff Ready', 1, 2),
('dep-a3aede5c-d1ed-42f7-ad8f-53e48c40f804', 'ayuda-2f04bde2-6cb7-461f-a67a-cc6e38428d26', 'Venue Ready', 0, 1),
('dep-ba168f9e-1aff-412d-92da-be5e48c1953c', 'ayuda-bf58e676-c56d-412c-9038-9e0625fa584f', 'Funds Ready', 1, 0),
('dep-ba33dd67-14b4-48cf-8de2-f595cc2e7633', 'ayuda-c18e9557-5996-4695-b81f-4fb16aaac7a5', 'Staff Ready', 1, 2),
('dep-c09eb2ec-e75e-4c82-bc76-505829c57afe', 'ayuda-c18e9557-5996-4695-b81f-4fb16aaac7a5', 'Funds Ready', 1, 0),
('dep-e803e5da-c50e-4c88-a7df-e12f7c4c75a9', 'ayuda-7babb86d-4d57-4a8a-9ae5-6fecce6e2b2b', 'Funds Ready', 1, 0),
('dep-f799c63d-9d83-4ca1-94ce-eb0b3c6c62b1', 'ayuda-575c51c2-d1e3-4138-84ce-fe7a5a8cfdef', 'Funds Ready', 1, 0),
('dep-fa3fb778-c56c-48c0-aa43-8597b0f85751', 'ayuda-c18e9557-5996-4695-b81f-4fb16aaac7a5', 'Venue Ready', 1, 1)
ON CONFLICT (id) DO NOTHING;

INSERT INTO project_eligibility (id, project_id, rule_text, sort_order) VALUES
(29, 'ayuda-bf58e676-c56d-412c-9038-9e0625fa584f', '- Individuals or families experiencing medical, financial, funeral, or emergency crises', 0),
(30, 'ayuda-bf58e676-c56d-412c-9038-9e0625fa584f', '- Must be assessed as indigent or in immediate need by DSWD/social worker', 1),
(31, 'ayuda-2f04bde2-6cb7-461f-a67a-cc6e38428d26', '- Families affected by disasters or emergencies declared by authorities', 0),
(32, 'ayuda-2f04bde2-6cb7-461f-a67a-cc6e38428d26', '- Listed in official disaster-affected household assessment', 1),
(33, 'ayuda-7babb86d-4d57-4a8a-9ae5-6fecce6e2b2b', '- Residents of areas affected by natural or man-made disasters', 0),
(34, 'ayuda-7babb86d-4d57-4a8a-9ae5-6fecce6e2b2b', '- Displaced families in evacuation centers or severely damaged homes', 1),
(35, 'ayuda-c18e9557-5996-4695-b81f-4fb16aaac7a5', '- Families directly affected by calamities', 0),
(36, 'ayuda-c18e9557-5996-4695-b81f-4fb16aaac7a5', '- Low-income households in high-risk or severely impacted areas', 1),
(39, 'ayuda-393bda0d-34ef-4e0a-a48f-a0754cde0579', '- Indigent patients needing hospitalization, medicines, or procedures', 0),
(40, 'ayuda-393bda0d-34ef-4e0a-a48f-a0754cde0579', '- Patients without sufficient health insurance coverage', 1),
(43, 'ayuda-575c51c2-d1e3-4138-84ce-fe7a5a8cfdef', '- Students from low-income or financially struggling families', 0),
(44, 'ayuda-575c51c2-d1e3-4138-84ce-fe7a5a8cfdef', '- Currently enrolled in public or private recognized institutions', 1),
(45, 'ayuda-3c16fc82-5348-4057-afba-f1ca08297ba9', '- Indigent patients endorsed through a senator''s office', 0),
(46, 'ayuda-3c16fc82-5348-4057-afba-f1ca08297ba9', '- Individuals requiring financial support for medical treatment', 1),
(47, 'ayuda-d933188a-6366-462a-8967-5f8889594207', '- Employees involuntarily separated due to redundancy, retrenchment, or closure', 0),
(48, 'ayuda-d933188a-6366-462a-8967-5f8889594207', '- Must have required contribution history (e.g., SSS member)', 1)
ON CONFLICT (id) DO NOTHING;

INSERT INTO project_requirements (id, project_id, requirement_text, sort_order) VALUES
(35, 'ayuda-bf58e676-c56d-412c-9038-9e0625fa584f', '- Valid government-issued ID and proof of residency', 0),
(36, 'ayuda-bf58e676-c56d-412c-9038-9e0625fa584f', '- Supporting documents (medical certificate, hospital bill, death certificate, etc.)', 1),
(37, 'ayuda-2f04bde2-6cb7-461f-a67a-cc6e38428d26', '- Valid ID of household head', 0),
(38, 'ayuda-2f04bde2-6cb7-461f-a67a-cc6e38428d26', '- Certification from barangay or LGU confirming disaster impact', 1),
(39, 'ayuda-7babb86d-4d57-4a8a-9ae5-6fecce6e2b2b', '- Inclusion in LGU/DSWD disaster master list', 0),
(40, 'ayuda-7babb86d-4d57-4a8a-9ae5-6fecce6e2b2b', '- Barangay certification or disaster incident report', 1),
(41, 'ayuda-c18e9557-5996-4695-b81f-4fb16aaac7a5', '- Valid ID or barangay certification', 0),
(42, 'ayuda-c18e9557-5996-4695-b81f-4fb16aaac7a5', '- Registration in relief distribution log sheet', 1),
(45, 'ayuda-393bda0d-34ef-4e0a-a48f-a0754cde0579', '- Medical abstract, prescription, or hospital billing statement', 0),
(46, 'ayuda-393bda0d-34ef-4e0a-a48f-a0754cde0579', '- Valid ID and certificate of indigency', 1),
(49, 'ayuda-575c51c2-d1e3-4138-84ce-fe7a5a8cfdef', '- Certificate of enrollment and school ID', 0),
(50, 'ayuda-575c51c2-d1e3-4138-84ce-fe7a5a8cfdef', '- Valid ID of parent/guardian and proof of income or indigency', 1),
(51, 'ayuda-3c16fc82-5348-4057-afba-f1ca08297ba9', '- Medical documents (diagnosis, billing statement)', 0),
(52, 'ayuda-3c16fc82-5348-4057-afba-f1ca08297ba9', '- Valid ID and referral/endorsement form', 1),
(53, 'ayuda-d933188a-6366-462a-8967-5f8889594207', '- Notice of termination from employer', 0),
(54, 'ayuda-d933188a-6366-462a-8967-5f8889594207', '- Valid ID and proof of contributions/employment record', 1)
ON CONFLICT (id) DO NOTHING;

-- Reset sequences to avoid conflicts with future inserts
SELECT setval('project_eligibility_id_seq', (SELECT MAX(id) FROM project_eligibility));
SELECT setval('project_requirements_id_seq', (SELECT MAX(id) FROM project_requirements));
